<?xml version="1.0" encoding="UTF-8"?>
<!--
 * This file is part of FacturaScripts
 * Copyright (C) 2018-2024 Carlos Garcia Gomez <carlos@facturascripts.com>
 *
 * This program is free software: you can redistribute it and/or modify
 * it under the terms of the GNU Lesser General Public License as
 * published by the Free Software Foundation, either version 3 of the
 * License, or (at your option) any later version.
 *
 * This program is distributed in the hope that it will be useful,
 * but WITHOUT ANY WARRANTY; without even the implied warranty of
 * MERCHANTABILITY or FITNESS FOR A PARTICULAR PURPOSE. See the
 * GNU Lesser General Public License for more details.
 *
 * You should have received a copy of the GNU Lesser General Public License
 * along with this program. If not, see <http://www.gnu.org/licenses/>.
 *
 * @author Carlos García Gómez <carlos@facturascripts.com>
-->
<view>
    <columns>
        <group name="data" numcolumns="12">
            <column name="code" display="none" order="100">
                <widget type="text" fieldname="idcontacto" required="true"/>
            </column>
            <column name="description" display="none" numcolumns="2" order="110">
                <widget type="text" fieldname="descripcion"/>
            </column>
            <column name="name" numcolumns="2" order="120">
                <widget type="text" fieldname="nombre" maxlength="100"/>
            </column>
            <column name="surname" numcolumns="3" order="130">
                <widget type="text" fieldname="apellidos" maxlength="150"/>
            </column>
            <column name="fiscal-id" titleurl="EditSettings?activetab=EditIdentificadorFiscal" numcolumns="2"
                    order="140">
                <widget type="select" fieldname="tipoidfiscal" required="true">
                    <values source="idsfiscales" fieldcode="tipoidfiscal" fieldtitle="tipoidfiscal"/>
                </widget>
            </column>
            <column name="fiscal-number" numcolumns="3" order="150">
                <widget type="text" fieldname="cifnif" maxlength="30" icon="fas fa-id-card"/>
            </column>
            <column name="company" numcolumns="2" order="160">
                <widget type="text" fieldname="empresa" maxlength="100"/>
            </column>
            <column name="position" order="170">
                <widget type="text" fieldname="cargo"/>
            </column>
            <column name="customer" order="180">
                <widget type="autocomplete" fieldname="codcliente" onclick="EditCliente">
                    <values source="clientes" fieldcode="codcliente" fieldtitle="nombre"/>
                </widget>
            </column>
            <column name="supplier" order="190">
                <widget type="autocomplete" fieldname="codproveedor" onclick="EditProveedor">
                    <values source="proveedores" fieldcode="codproveedor" fieldtitle="nombre"/>
                </widget>
            </column>
            <column name="agent" order="200">
                <widget type="autocomplete" fieldname="codagente" onclick="EditAgente">
                    <values source="agentes" fieldcode="codagente" fieldtitle="nombre"/>
                </widget>
            </column>
        </group>
        <group name="contact" title="contact" numcolumns="12">
            <column name="phone" order="100">
                <widget type="text" fieldname="telefono1" maxlength="30" icon="fas fa-phone"/>
            </column>
            <column name="phone2" order="110">
                <widget type="text" fieldname="telefono2" maxlength="30" icon="fas fa-mobile-alt"/>
            </column>
            <column name="email" order="120">
                <widget type="text" fieldname="email" maxlength="100" icon="fas fa-envelope"/>
            </column>
            <column name="website" display="none" order="130">
                <widget type="link" fieldname="web" maxlength="100"/>
            </column>
        </group>
        <group name="address" title="address" numcolumns="12">
            <column name="address" numcolumns="8" order="100">
                <widget type="text" fieldname="direccion" maxlength="100" icon="fas fa-map-marked"/>
            </column>
            <column name="post-office-box" numcolumns="2" order="110">
                <widget type="text" fieldname="apartado" maxlength="10"/>
            </column>
            <column name="zip-code" numcolumns="2" order="120">
                <widget type="text" fieldname="codpostal" maxlength="10"/>
            </column>
            <column name="city" numcolumns="4" order="130">
                <widget type="datalist" fieldname="ciudad">
                    <values source="ciudades" fieldcode="ciudad" fieldtitle="ciudad" limit="9000"/>
                </widget>
            </column>
            <column name="province" numcolumns="4" order="140">
                <widget type="datalist" fieldname="provincia" parent="codpais">
                    <values source="provincias" fieldcode="provincia" fieldtitle="provincia" fieldfilter="codpais"/>
                </widget>
            </column>
            <column name="country" titleurl="ListPais" numcolumns="4" order="150">
                <widget type="select" fieldname="codpais" onclick="EditPais" required="true">
                    <values source="paises" fieldcode="codpais" fieldtitle="nombre"/>
                </widget>
            </column>
        </group>
        <group name="other" title="other-data" valign="bottom" numcolumns="12">
            <column name="creation-date" display="none" numcolumns="2" order="90">
                <widget type="date" fieldname="fechaalta" readonly="true"/>
            </column>
            <column name="language" numcolumns="3" order="120">
                <widget type="select" fieldname="langcode" icon="fas fa-language">
                    <values/>
                </widget>
            </column>
            <column name="is-person" order="150">
                <widget type="checkbox" fieldname="personafisica"/>
            </column>
            <column name="verified" order="170">
                <widget type="checkbox" fieldname="verificado"/>
            </column>
            <column name="accept-privacy-policy" display="none" order="180">
                <widget type="checkbox" fieldname="aceptaprivacidad"/>
            </column>
            <column name="allow-marketing" order="190">
                <widget type="checkbox" fieldname="admitemarketing"/>
            </column>
        </group>
        <group name="notes" numcolumns="12">
            <column name="observations" numcolumns="12" order="100">
                <widget type="textarea" fieldname="observaciones"/>
            </column>
        </group>
    </columns>
</view>