<?xml version="1.0" encoding="UTF-8"?>
<!--
 * This file is part of FacturaScripts
 * Copyright (C) 2017-2023 Carlos Garcia Gomez <carlos@facturascripts.com>
 *
 * This program is free software: you can redistribute it and/or modify
 * it under the terms of the GNU Lesser General Public License as
 * published by the Free Software Foundation, either version 3 of the
 * License, or (at your option) any later version.
 *
 * This program is distributed in the hope that it will be useful,
 * but WITHOUT ANY WARRANTY; without even the implied warranty of
 * MERCHANTABILITY or FITNESS FOR A PARTICULAR PURPOSE. See the
 * GNU Lesser General Public License for more details.
 *
 * You should have received a copy of the GNU Lesser General Public License
 * along with this program. If not, see <http://www.gnu.org/licenses/>.
 *
 * @author Artex Trading sa     <jcuello@artextrading.com>
 * @author Carlos García Gómez  <carlos@facturascripts.com>
-->
<view>
    <columns>
        <column name="code" order="100">
            <widget type="text" fieldname="codserie" onclick="EditSerie"/>
        </column>
        <column name="description" order="110">
            <widget type="textarea" fieldname="descripcion"/>
        </column>
        <column name="type" order="120">
            <widget type="select" fieldname="tipo" translate="true">
                <values title="simplified">S</values>
                <values title="rectifying">R</values>
            </widget>
        </column>
        <column name="without-taxation" display="center" order="130">
            <widget type="checkbox" fieldname="siniva"/>
        </column>
        <column name="journal" display="none" order="140">
            <widget type="select" fieldname="iddiario">
                <values source="diarios" fieldcode="iddiario" fieldtitle="descripcion"/>
            </widget>
        </column>
        <column name="channel" display="none" order="150">
            <widget type="number" fieldname="canal" decimal="0" min="0"/>
        </column>
    </columns>
    <rows>
        <row type="status">
            <option color="warning" fieldname="siniva">1</option>
            <option color="danger" fieldname="tipo">R</option>
        </row>
    </rows>
</view>