<?xml version="1.0" encoding="UTF-8"?>
<!--
 * This file is part of FacturaScripts
 * Copyright (C) 2019-2024 Carlos García Gómez <carlos@facturascripts.com>
 *
 * This program is free software: you can redistribute it and/or modify
 * it under the terms of the GNU Lesser General Public License as
 * published by the Free Software Foundation, either version 3 of the
 * License, or (at your option) any later version.
 *
 * This program is distributed in the hope that it will be useful,
 * but WITHOUT ANY WARRANTY; without even the implied warranty of
 * MERCHANTABILITY or FITNESS FOR A PARTICULAR PURPOSE. See the
 * GNU Lesser General Public License for more details.
 *
 * You should have received a copy of the GNU Lesser General Public License
 * along with this program. If not, see <http://www.gnu.org/licenses/>.
 *
 * @author Frank Aguirre        <faguirre@soenac.com>
 @author Carlos García Gómez    <carlos@facturascripts.com>
-->
<view>
    <columns>
        <column name="id" display="none" order="100">
            <widget type="text" fieldname="idciudad"/>
        </column>
        <column name="name" order="110">
            <widget type="text" fieldname="ciudad"/>
        </column>
        <column name="province" order="120">
            <widget type="select" fieldname="idprovincia">
                <values source="provincias" fieldcode="idprovincia" fieldtitle="provincia" />
            </widget>
        </column>
        <column name="code" order="130">
            <widget type="text" maxlength="2" fieldname="codeid" icon="fas fa-hashtag"/>
        </column>
        <column name="latitude" order="140">
            <widget type="number" fieldname="latitude"/>
        </column>
        <column name="longitude" order="150">
            <widget type="number" fieldname="longitude"/>
        </column>
    </columns>
</view>
