<?xml version="1.0" encoding="UTF-8"?>
<!--
 * This file is part of FacturaScripts
 * Copyright (C) 2017-2023 Carlos Garcia Gomez <carlos@facturascripts.com>
 *
 * This program is free software: you can redistribute it and/or modify
 * it under the terms of the GNU Lesser General Public License as
 * published by the Free Software Foundation, either version 3 of the
 * License, or (at your option) any later version.
 *
 * This program is distributed in the hope that it will be useful,
 * but WITHOUT ANY WARRANTY; without even the implied warranty of
 * MERCHANTABILITY or FITNESS FOR A PARTICULAR PURPOSE. See the
 * GNU Lesser General Public License for more details.
 *
 * You should have received a copy of the GNU Lesser General Public License
 * along with this program. If not, see <http://www.gnu.org/licenses/>.
 *
 * @author Carlos García Gómez          <carlos@facturascripts.com>
 * @author Fco. Antonio Moreno Pérez    <famphuelva@gmail.com>
-->
<view>
    <columns>
        <column name="code" order="100">
            <widget type="text" fieldname="codatributo" onclick="EditAtributo"/>
        </column>
        <column name="name" order="110">
            <widget type="text" fieldname="nombre"/>
        </column>
        <column name="selector-number" display="right" order="120">
            <widget type="number" fieldname="num_selector" decimal="0"/>
        </column>
    </columns>
    <rows>
        <row type="status">
            <option fieldname="num_selector" color="info">gt:0</option>
        </row>
    </rows>
</view>