<?xml version="1.0" encoding="UTF-8"?>
<!--
 * This file is part of FacturaScripts
 * Copyright (C) 2017-2023 Carlos Garcia Gomez <carlos@facturascripts.com>
 *
 * This program is free software: you can redistribute it and/or modify
 * it under the terms of the GNU Lesser General Public License as
 * published by the Free Software Foundation, either version 3 of the
 * License, or (at your option) any later version.
 *
 * This program is distributed in the hope that it will be useful,
 * but WITHOUT ANY WARRANTY; without even the implied warranty of
 * MERCHANTABILITY or FITNESS FOR A PARTICULAR PURPOSE. See the
 * GNU Lesser General Public License for more details.
 *
 * You should have received a copy of the GNU Lesser General Public License
 * along with this program. If not, see <http://www.gnu.org/licenses/>.
 *
 * @author Carlos García Gómez          <carlos@facturascripts.com>
 * @author Cristo M. Estévez Hernández  <cristom.estevez@gmail.com>
-->
<view>
    <columns>
        <column name="code" order="100">
            <widget type="text" fieldname="codretencion" onclick="EditRetencion"/>
        </column>
        <column name="description" order="110">
            <widget type="textarea" fieldname="descripcion"/>
        </column>
        <column name="percentage" display="right" order="120">
            <widget type="percentage" decimal="2" fieldname="porcentaje"/>
        </column>
        <column name="subaccount-irpf" order="130">
            <widget type="text" fieldname="codsubcuentaret"/>
        </column>
        <column name="subaccount-irpf-creditor" order="140">
            <widget type="text" fieldname="codsubcuentaacr"/>
        </column>
    </columns>
</view>